Temperature_K,Pressure_bar,Catalyst_Concentration_molL,Yield_percent
382.777115997393,38.18171387350206,0.49873675658690303,71.84323472728325
402.10269989027273,38.52806533176199,0.4916698428922522,76.6037484256722
407.5093576719064,33.51014403782156,0.4213218662523995,77.25188527835516
382.1236341197448,14.558281950764037,0.14745854220962248,55.4069235080698
446.3587284744571,30.06293902773061,0.143575978647232,76.84646079922945
352.509546677647,21.945351758389442,0.4391734857981707,64.13050030044427
362.64976670721063,27.82998872278779,0.4589220603661842,67.55411984947274
409.77788705179324,10.925093269856983,0.10119972824134216,59.43870139546668
384.05226267080434,48.68990942398569,0.1754333593453947,56.56196881670238
426.542723826763,11.492313212972117,0.24229722596326214,65.5813013426761
448.55216378448523,22.16374095328169,0.42817095501027425,84.620658111071
444.94189486294374,43.46511594565033,0.4135793680096165,81.47029838795297
391.36313255329236,25.89581592638175,0.22671983703682153,67.49542614020108
368.97681249273114,45.82908170477221,0.18801713846744433,55.521719480716655
414.12750062459014,38.36181216282442,0.3902529441244347,78.54420551251147
414.116060161827,33.75253506875447,0.3650286442779806,76.25068244540284
402.6250909156836,34.13377170998664,0.18663469899530682,65.18365508782237
440.4607672731197,40.31079812887142,0.2945136289048782,80.62268337166827
379.0090424595344,18.120854062747313,0.12258478372090256,55.12081320992073
413.0764376975609,25.256184353317472,0.20659266207557836,70.90318602662165
428.3689956901849,36.46048768948901,0.4101750676427811,82.3148464866216
399.29166965060375,45.49662759586533,0.2618221061084755,66.01863522260882
447.0716881596466,41.83682659926226,0.2945806198376328,76.68480958453246
430.8679594506233,27.92283894881391,0.27066411267145574,79.20090049924092
426.7191327072388,39.51010974429296,0.2605686745136154,75.24348826147582
407.38124850146454,36.815109986349576,0.20064079612110808,67.4394511541074
372.63203014134365,12.226916566645368,0.14582907662896302,53.12927448368374
382.04447692078037,37.03653332594254,0.3820757762658693,66.33816624630802
436.00521787552543,20.008069398272134,0.2933912470261177,74.89043658071726
366.2074486321243,29.479698143690854,0.324771178525819,62.60860727889993
403.30566692089207,12.329206103720765,0.19253813290844626,61.96558470761274
399.9543852259126,16.28520745353651,0.16256442042577943,62.96333019547181
423.2913002957454,13.128311694637533,0.15605822430453867,68.79800971493023
435.0681312195068,37.386143137020184,0.449443831108158,84.08071141222435
441.6016384871097,38.40266067397682,0.27801155414193496,78.17607043862064
422.6687814972304,10.952023090758054,0.4796892192955395,79.79943958736234
392.88825280257515,33.33333953109312,0.27930561560020956,66.7726624676398
363.8794289039913,48.64159082609815,0.3326700052117235,58.926500918868186
417.6794107755333,36.6242470675345,0.2440098631982206,72.04998031766128
376.2092850759228,12.863252439181805,0.4862509633158398,65.82392168976445
418.7040680445077,10.90919274143718,0.17121808997626453,63.451018862915035
404.57616771729573,29.756046144439658,0.3779591448386168,72.03165464122215
359.56717222185256,39.85121397215346,0.33675130589042623,62.18835288131705
390.4481135559465,32.12239688304755,0.4584759360019176,72.52000130690539
385.55939206919396,35.48089929937669,0.38537331846110456,68.98566897156063
430.6291481096529,34.47650875595454,0.3140727466588864,81.42239296386904
428.21089079928413,13.799099491112322,0.1762100103167219,71.06802568371609
395.0570877672478,20.21068067542041,0.1073961813413717,59.52103060630674
405.61076132978627,29.173047845909593,0.34507237811776736,73.19466372986685
433.7083226073562,16.152972808454646,0.12681373340922214,69.21870632531113
406.30675676891354,17.01448899561123,0.2765152085448998,67.21091478675855
441.66527765551035,11.232252767446585,0.14075098101654265,66.77608646579135
429.5348707184208,27.811465833787594,0.24652346261692665,76.46031156630377
383.54598347789346,47.55808406486117,0.2864024133949574,61.3015595149438
437.2293707007351,31.930172987186513,0.17924729942887874,76.23397527329196
407.9219710319329,19.807272729350466,0.3643401161509639,70.93164519273785
423.936848328897,46.800877493002915,0.25644198742362073,71.11795670888611
426.8480462634788,47.92560232522278,0.3007605090174852,74.05468215282983
407.7244045525476,47.54805143617516,0.4011533970029277,72.48138926382929
375.53366870631464,24.335713938638833,0.15964652394108225,57.35231985973013
383.30333175954155,15.074818895728082,0.14940971160145256,56.079760835038336
434.0184306967304,26.717809590879178,0.19618408247240082,74.83453273447131
373.9701036714031,46.26801855756018,0.16229734311452704,53.057300532965805
442.09587384725023,36.25571039226657,0.45392720902510314,84.69747304584371
385.4654377956462,40.1821930724344,0.14969084104779304,57.10829178798199
393.1653713421262,11.24690608865329,0.12119786292004893,51.98444605983206
424.9109891109432,18.807254311788082,0.1340331907536931,66.53621090231364
371.14220754464026,48.4370290855288,0.3596137364570971,57.99958638886806
406.6164888934195,16.22680417226421,0.24772634037964694,65.04012380969797
356.6686622072889,22.60317538698066,0.27624678407774417,58.43487078652774
448.35693394551816,34.73705193230849,0.46915296631791015,88.21331801577665
362.3613595350291,26.57819399451803,0.4007733964990746,63.392246669682756
419.3453447810431,32.76179973324964,0.11477540723116952,66.98331003833978
386.6863861627163,29.40739017854408,0.10388629107160599,60.50914065562891
405.12028148922735,31.91279993385465,0.15997481419830556,66.06123494185178
354.8166681113672,26.73123222642392,0.18703961349438847,56.343819959136894
357.9324815199444,29.573224176181977,0.3716679934933973,63.343803750588854
449.4287057048189,16.73057095738536,0.281548866118357,77.43359775569712
440.0220361714194,45.28891353390903,0.22498879506656155,73.83310189236609
441.9605619714976,26.237219578427165,0.18471218501458828,76.6059991061236
426.5884325466996,29.600806101115435,0.2637322060115976,76.00294119051931
382.0456585330528,39.01558975567538,0.3154468915309824,64.03150418095206
401.8257929038301,44.99514113074214,0.3007917720370149,66.44539515572089
371.5858337351896,17.776999877873365,0.22089315882780453,57.34580327659887
406.87432379619594,27.32161538605657,0.32235110039459336,73.36955405929305
386.2635798282792,22.938213993523373,0.3098398930001266,65.98919416071958
377.8436953118003,27.074260921447305,0.20913959050738784,59.182225923118935
391.08163154429025,48.6118287720663,0.3827172133527001,65.49431901493979
390.38530535429754,15.820924099225175,0.38594777505369443,68.87776741705363
431.7104631297069,11.781576533344404,0.3558667775585264,77.14067429097969
438.6523795891384,26.81027519280297,0.4813184973452651,88.50374274935893
359.1887688672198,47.451915564683944,0.2951428612116816,56.015469233348405
390.03727992106957,47.664154960375704,0.3489676436201961,67.68246363159392
372.57294067575594,41.959141512498334,0.25514175780746057,61.4008584006005
421.52325046342486,11.369469546536868,0.17341401608568568,67.21593388224778
367.3319230874331,33.910410151943275,0.37393636229763133,61.18333495418682
380.3184664669754,12.309756141380337,0.49317908541255323,67.47071657961602
401.0256725133549,20.98536707758216,0.1319589907219539,60.779151222873274
384.4287630253849,36.92307996162115,0.3089507545551997,65.07589071210751
443.1266744842561,14.094343467803867,0.14525747371891812,70.77285118090781
397.1486282185998,33.48429206820447,0.15432691982986346,66.67633096914157
400.81521092256895,32.12596746511939,0.19031547807023977,66.93336849455623
362.23667150767443,49.1197658754643,0.12054943464739734,48.71470283589507
422.9061244397381,44.681317791857296,0.40505133890193235,76.38629769012952
385.24503479171494,13.149764219410986,0.17503352250800452,55.374260980802596
384.1295964347455,17.313568108959643,0.37581804223037524,65.18353938845
446.16464056241296,36.53112234907085,0.18222324549134933,73.05800166800587
413.2857610063463,47.07231012894078,0.16655534852509382,65.67926311542858
416.872582765882,14.063025303222556,0.12638609928204927,64.33488635467278
363.5184690639266,44.54723725235385,0.2861303629742539,55.927595678743806
425.5281130544746,23.391670519487366,0.3883745576694865,81.89568086216252
371.4335367536535,30.858855353876308,0.48297368435174187,72.68244005162651
414.4710688396097,47.70659145794606,0.3882586521022455,70.61222738114877
402.204830591259,19.823435403468352,0.49912107469184347,78.96857610598185
364.3168722139696,38.43743009498159,0.22860644941099798,54.884422592497366
447.91131667583977,19.018100118470432,0.26318784686991775,78.91153921456099
358.09894337915665,38.29975946213458,0.19974531767543283,55.6257578927584
435.04278075940005,39.599897480749306,0.2230651951834501,78.4752120405487
360.2663867843942,40.33509662993843,0.4951239169650487,64.91048070006208
423.5415675073973,17.665951290045207,0.4211121580290392,80.16385163558589
371.5413335674141,10.556992722290648,0.28546472908994797,57.293227062317605
396.6109645798265,41.53031879905579,0.22501746471499418,66.1989192740921
359.4230756375418,22.45911499691922,0.4464859246038444,66.6364856534913
406.4701497697363,28.50747577506589,0.21258904303458048,67.38415978821013
425.1602078359451,29.896826875515707,0.22961516477608415,73.4172131377808
359.52311014229383,14.516891117497718,0.23428908039871155,53.73321751945353
410.58530051145266,25.712695744286393,0.4485446308624668,77.99119606200375
425.6199201539345,29.172264007280816,0.29676703255516934,77.24259342331523
383.1716451814936,21.34786180771565,0.4840559402070883,70.74753340793082
357.134256637575,23.2444598879008,0.1954956920147681,51.83985700656932
439.8466731887169,22.330359708387483,0.3871023234546512,83.22942262155664
413.087303635538,45.74599649111206,0.3171605133520712,73.6223915406764
438.2246745312962,39.14117507451627,0.26294706009795504,80.52388884383525
383.50848826310664,18.005780639600722,0.11449373189960635,55.2032792839873
413.06796273620915,49.837097725394244,0.1901010046842962,61.90984096168303
389.6240318913819,10.74031486799933,0.48849160266914193,71.9024169028643
446.44589692630433,36.702041447648995,0.44876100281887116,87.05697407373407
402.79896829019515,48.29957788003406,0.2317107911881809,63.26717858010785
398.77652191908635,20.44217584701537,0.49443961677819903,76.44315230476866
388.19895474307134,39.38125045559297,0.4928302330508023,71.55483460448308
378.1831048744755,29.56461881057296,0.45530562301731137,69.14719069634268
394.8141531709106,32.271016410580934,0.39350688486337826,73.78090158363742
432.0305201775767,29.376027571785862,0.4487793058689448,83.91332222029081
406.90379829824775,28.525672189340426,0.12030885552060783,63.933206198804214
377.04328970430885,45.67897881062954,0.4290538809933932,65.13437628592547
428.6223164976443,39.536399294970565,0.14330506733723034,70.28831381050809
393.9503930027508,44.361037608376506,0.4220283863398993,68.72311880356739
417.8029428022102,46.213752122026705,0.4485422518607391,80.08718615111941
402.77484605841795,47.54611480092429,0.3559375503033977,71.19135695183829
417.982465124828,38.0872020665081,0.43050123767427606,79.97188242469039
432.5789755709579,40.312756997957784,0.3872736527348654,77.7513360564401
442.319007548039,29.344373236564184,0.14470792359278586,75.01178912849865
408.1161514301411,45.5691587453316,0.22356474455692352,66.72458120463774
350.48898763177453,42.750015441627575,0.1306274008280528,52.980789005644674
444.1619534708847,13.486242362734103,0.47490898165968487,83.56902956209292
402.1139717613855,40.57153161471294,0.1383124557229347,64.31788803482098
391.3188060937236,44.058490609264105,0.14043214207030888,58.00361101772748
433.8405784353504,44.774963838305155,0.3600307368885649,79.57252072642491
393.89918938408783,10.124982402621159,0.47889859964644754,71.30705907801426
402.76519437288715,19.514717479375282,0.1848872461527373,64.0029345838122
413.72796232819087,21.501458965713766,0.25653514200162775,71.474641591949
407.3082109911188,37.84358100746645,0.2020547784171116,67.35408140628371
442.79911625878685,35.041094417516774,0.2683512679340024,81.27927296757021
361.76978212266044,47.1528234323849,0.4695770777750817,63.23848915488836
396.27540793785164,45.98724987807833,0.4999007127429025,70.80171527221619
439.3393972135079,36.820043773987116,0.3979678704280863,83.00733885696258
423.9833159584397,31.950895394501025,0.10990296847434432,68.52214524045016
405.2720503252293,37.97225670138735,0.43809033156632515,77.87232979987812
362.3455925238001,40.22979942557603,0.37449734628478154,59.237695314743256
353.363248417106,48.40833327890642,0.4468494091917478,61.545029558366345
350.01805631176427,10.714599526911087,0.4737275324984147,61.72207882852125
355.6297963654107,18.405910622695867,0.13428542939531335,52.339658833152065
372.8473964707929,26.68968212761087,0.3853579178079114,67.23216827716254
415.3727600453343,16.874125074340792,0.483489315199716,78.01729738738213
362.828296104432,26.747112377007348,0.15467408824897078,54.04357271548274
386.34494025411124,49.8119965894849,0.22828387246658483,61.91307440197347
374.64507305281353,46.41275952388659,0.47417312953985824,67.39862215637338
401.3680591166541,49.49964372858878,0.12550894029279852,56.952733610139724
382.9529356549324,32.30526726450796,0.2249491164230021,60.95388254210297
444.71500819378764,17.716745082005218,0.22227848943226858,75.01029238354782
425.1446530306102,45.79707417007856,0.18979299549736983,71.5647418840802
407.11158719887186,33.76374342971576,0.16806045019290466,68.03504635713591
390.230819294713,17.25712993985402,0.17174412214292462,57.65600358369404
362.0484093086669,35.946927091467735,0.10629224888230158,53.748041679197414
421.8208808914346,24.122277648646087,0.37650656711240926,81.05154008779475
359.14951316455785,39.32311468035403,0.28760807980099484,60.62839092526513
404.13674904620353,28.015123479400657,0.4391756245026385,77.3940220858751
411.4760911044404,48.460949412039305,0.48377160100828914,71.64598625231511
368.91545924821565,20.116414560263593,0.37854823334135923,62.97562548458208
410.65413608567656,28.441736628819537,0.23877857652493784,70.84052155926689
423.8254841419876,10.8654199564956,0.316661683202848,69.00633026572456
430.7271470992561,46.7941375347692,0.2949676248780331,73.47629860445844
400.6832045316127,18.300127095988415,0.2729215533701534,68.25310412048682
357.46650527985844,45.66578130878323,0.39469365267601275,61.17703100515676
419.3799758516536,28.701232141176103,0.3429342688949885,76.76896585012655
444.4944721655312,16.39209337755725,0.3517051760788436,80.50956955575737
438.8115823753954,23.649832939611866,0.21272802857983897,75.57699122010749
364.32240367058836,45.84790830658949,0.2681250420293558,57.99080120980822
380.2782287747475,34.281745244669125,0.2693470610976924,63.75524466502887
358.49850292247527,18.79254943731744,0.4329385776528223,61.80682366472793
449.06488112421636,44.153753285255924,0.2849695074075831,79.54760362799475
439.7538745232325,22.89922752173421,0.4227516604253902,81.29293796721785
448.38350129350096,40.62996833728108,0.16495841569524103,73.42644365013557
412.15929608312894,20.041867204420072,0.41886993806413164,77.62844091447027
421.11338889699937,34.77641044957855,0.22015254595671363,71.7248583726609
392.0611097711816,19.71919683565065,0.3668248890285034,70.4408483690007
414.91936199879694,47.85211905917122,0.23912596278380707,68.45504675921369
369.6087223948887,29.918916824758277,0.39157648644614684,64.80709551587914
382.63295881446953,39.54682811116547,0.16369873633117657,58.435142781072315
362.87589306198873,20.538938936091785,0.4915523135276089,67.45564474069532
374.5263833631194,44.607970151505235,0.11165114658820174,52.069191443663364
443.32942827253515,34.613231145917474,0.2244246170820744,75.92289698906065
406.2803123178149,39.1372160520621,0.3064361243304826,71.60931370833242
410.3385322439852,42.10293465142628,0.27194224929864297,69.96948488928618
383.70857559445926,20.969675969026895,0.29552193608255706,64.71624018263033
415.2739815211229,41.88455512709089,0.38489005073391586,74.08367698633911
431.2474594464872,34.287949155101806,0.23611802219248346,76.29287798646347
420.93611427473974,30.028501511211047,0.25278670122160973,72.19714735472134
385.64792295614507,23.367846490149823,0.20070511652143855,62.05462657303529
408.1625876077501,11.81659573993664,0.3922839650530637,71.87938345801675
440.0664982197182,20.975500558719126,0.49455299861707597,86.63405061664683
363.892510050002,25.30248299989404,0.11831187421224101,52.50599634445595
404.74543189020795,42.93089285527416,0.2201323649627189,64.01242683533133
389.7860831430574,16.858816297022333,0.15433900798193556,57.265050824553185
437.8907965981332,46.17288436640136,0.1855605201386492,70.4192908850603
406.06311869421216,37.004813200898674,0.27952548082458667,70.99536407878131
384.9172269549337,27.60861076717402,0.4206937535735626,70.86605676768728
407.16187491082894,45.39954680240959,0.25284097661059574,65.64419432097739
436.50959412182544,32.510337904940705,0.4514737918114051,83.5077942509998
380.2415532228043,29.16074033412074,0.2919962072755086,65.5155304106478
363.3236550519785,15.890650881753308,0.3027532290832827,58.040726627788025
411.0661062622036,40.39732550776631,0.11915324715375496,62.988629422420026
413.2229788612863,10.073570205973157,0.2526651941629079,67.94635880229441
384.8755677397686,48.73009676180172,0.33915485040459376,62.037673739929275
435.48464215192917,12.269488487382025,0.3633909355974684,78.38663670176877
353.62481427106945,41.64666829857443,0.45886903014438446,64.38847247991731
409.84327988183435,49.047614554162706,0.47392475625254815,76.39402864858374
399.580230286939,11.772607959105175,0.10603463290617268,57.57727577278455
407.1142164899323,31.120188531371223,0.24822347746732165,71.91598852637686
437.2451831032187,43.61479635741115,0.3929759055887399,81.52926438651363
358.58567512612836,46.43001128345047,0.20861842120977198,53.744557016110925
414.3369955378939,45.96885221267955,0.425847178529322,77.56443421359506
351.0206596240562,44.92517906343876,0.1008405728262999,46.49234709939293
358.50777391148307,41.06522908421594,0.26461965865578496,55.23106575239752
403.701717539443,37.587215955877845,0.39271669963704425,74.26840015810853
381.23043908411233,16.610716824275038,0.470501881609936,66.95735136337514
412.72097390691516,16.339235934660557,0.49149231221300616,79.96087702997745
408.88732377090514,36.33597224069502,0.22780353870856446,68.50123829940718
416.76554635903955,12.311443489867461,0.2102178331523394,66.97525668133756
353.78542894181305,30.89352964373394,0.4432183201403449,61.50450658938238
350.7863232716678,39.46212504344175,0.12272591700904859,50.438570242971885
396.3914664814889,33.847039850777456,0.45517472842222206,76.30426268295503
350.51959160950673,11.201653373192899,0.34203292752696707,55.63430827870921
374.4427129518562,25.832860332710354,0.3676660594936433,66.72688854149935
424.44013542524897,11.986683611579574,0.1562957013712803,67.52013120002457
352.3690316539364,42.3409529008402,0.11901362794575143,48.41275159963126
360.62321662236377,29.023619949809152,0.36387538915744233,64.1061332626512
439.2984379132623,28.461637407183243,0.20291469694590308,79.28712689178612
401.1537128366514,21.775711484667436,0.27193048541545844,68.34402960866174
443.1888705947866,15.78101904440613,0.2106980258733648,74.16327235865721
428.529341203166,32.391362457799445,0.39041069265434414,84.66425437982559
418.81059380493156,42.879553130661876,0.2837474978473516,74.36311082249881
422.3127979457373,39.15578873580069,0.4044531072482751,80.66335687310578
382.01788430604284,43.69260565613897,0.455058084301197,71.22136368433148
429.62707035539876,36.882701174433556,0.22070693107151254,75.01428816190399
368.62799828642613,30.674361755768192,0.4884073667370186,69.08089497952388
379.45215509292524,35.0924014884554,0.41225022221328933,67.64666962438928
419.5890754562658,45.01280798922886,0.36788915818529627,72.87795075953292
448.44705864892256,49.53229627647329,0.40470134184606205,82.245880350591
371.4315571561996,31.514214752157372,0.19862613772343143,60.07162819976557
437.7291782745532,17.05803199212326,0.1352888124031457,68.4190516553062
403.73883753260276,11.356527885739771,0.3489178208803404,65.99146941289095
400.49665118515475,27.617537918358586,0.4855228776802919,78.15458937262396
407.7142665495228,45.98962431394231,0.2293641362472806,67.90840106558944
433.74158053428926,12.9164361400329,0.3823963335049555,77.25834483038773
439.94869742851967,18.208520292856193,0.1543450000180019,71.30158057016229
410.22496425026685,38.22714661592222,0.2866970791983508,73.72520202586108
380.615211632249,26.620228519023463,0.32155497905050434,65.54064855050164
385.4228236601436,23.430420032074615,0.1814518390824884,62.11737214283055
362.5885439022395,38.044261359152934,0.3495499430774051,62.68013923913488
354.5469339306255,16.013607153013687,0.12158904647364666,51.02677858265897
446.9716989941773,44.19635277397251,0.10010610436249273,72.2192564442911
447.24933728956273,42.5964269287479,0.293993868634032,79.59034060615289
429.7133520429437,16.88951687514461,0.32214051007015526,77.82591380275133
426.4006789951674,47.66790444526622,0.4155179466774795,77.81101457310177
443.5623790146041,32.526321481422045,0.430774537703813,86.50071364505389
397.77805411821026,17.22323061187867,0.17579127191772226,60.297562724402255
363.2793263671704,47.91481290925449,0.32940278544300355,56.61167476340434
435.427917795867,22.14297676837824,0.4359266768111506,82.4086041199405
435.87592020605564,20.110905414183705,0.30647303050210845,74.97692743074418
389.66623821487843,39.99455081738743,0.4349087584771559,70.73484535522653
431.56246213702946,34.35459981039201,0.4132672479367592,83.56951763717821
444.5812907206346,12.817064327148788,0.10231298598645214,67.76379557963963
392.35297205408364,10.974706116207823,0.23480048764138775,63.79436511730879
428.6921380977809,16.373021188096047,0.2880605007839227,75.64054467211756
431.4967619229647,41.53740817267871,0.4629334264650125,81.6873699881911
398.11250683562287,44.48300057689262,0.10388116302612166,58.82637374441113
407.2330936618582,43.386192349352086,0.1035578506016969,62.65940773003128
434.23904853653875,28.264622319349506,0.4387990595535127,83.40883829100247
355.13813820905386,28.4825082722205,0.10444913262193337,51.63238265285201
367.51648602561363,23.440729071106038,0.4928269911342529,66.71699564713089
361.8846601538748,21.16207947763774,0.28450215540898455,60.96792085976478
396.6608107288091,31.246812010908315,0.4520922781391951,72.02173816037522
439.0653149878172,27.2034405354136,0.2274259998714746,75.23953864062621
397.6049505318488,31.919385026543516,0.27695337503871376,68.79752523891581
441.1174704667555,41.26835942900506,0.3953766130097045,81.17557346606887
360.6389687214754,15.614412039568041,0.2734376927431778,56.636271786232925
361.64469612679505,21.35126005320831,0.4907124534377152,67.94687854461134
438.8020266541552,17.556433310738804,0.24688909245598337,73.79749443612702
413.33124627599346,24.281757017657462,0.26051083530476177,68.9147108038995
444.29305546376344,22.74263383898576,0.31408901879302925,80.80496311335747
359.5461288912258,33.30730790423507,0.24865096184829039,56.23560885394715
448.2673945284442,21.484059460079408,0.47396974405613346,87.88001813554312
355.0940978798862,40.173490759452356,0.17022372810865455,51.89028256302093
361.0058432707753,24.719320133274095,0.15345239465299065,53.33046467206005
385.9110065154464,10.170757380944142,0.2153468827235525,55.071031870563345
353.6008343387317,26.662341519676698,0.4355299144027933,64.86775449900291
352.90934324901815,40.30110438471863,0.2997860811651827,58.78221991024578
370.05704771638085,27.04325399321412,0.25265047034869015,59.2711545382954
364.1585741910212,45.23285843262028,0.306478721315629,57.485379844419775
438.48683270238837,41.94655358333952,0.34328224679156866,78.0166298544219
437.5233952383386,31.264873286164665,0.10894295414090976,70.64378306438378
407.70859872929765,43.08165841323961,0.11606100495931888,64.25989050722622
387.7069591442854,27.410992093351595,0.44909434072954596,72.13034079369078
401.97324613324105,44.7597246740998,0.16078154005517264,60.680495784304384
392.9541841227398,15.359407852811913,0.11428987434792895,58.134360632669875
377.63925875488195,46.01958600743811,0.2981909335949902,58.018135056664484
368.03975378540696,42.65863415015039,0.26010595391857233,57.32728420823933
402.62766517087965,20.836167102248353,0.1339559752210507,61.27847502322714
429.63530919749167,20.200772029254743,0.2224382718134543,74.75082936303963
428.95933789723773,26.893563272001852,0.100557192777252,69.18350652215463
399.4493738568227,32.64421050075888,0.2709356433462319,65.25481807376953
359.19138562534863,22.62920359102495,0.21738494871914132,56.30922592669526
409.47556360434226,34.627322892915096,0.37767791212176055,76.99641383366038
387.35621682238985,10.939638293183215,0.32786253799740916,63.82561081843319
405.5353518285425,11.1493029426927,0.33891339098635864,68.4661462528377
427.3507678939754,17.50411576988293,0.28282811994883933,76.19799941354704
448.4797867133785,27.304322373645395,0.45497461659238425,86.80188171045593
446.9770404665321,34.458945268767046,0.2606497813025269,79.67104415623025
440.98629758055324,29.651181783453005,0.23759088195805622,77.30789543522755
355.7748997451144,20.777845669770876,0.20085995844868734,54.90349995387452
403.44366508048495,37.256566427678074,0.30752960612176516,68.54425572181012
437.91118712085535,27.46890581252741,0.3217041144513917,81.29368421116789
414.3252323535351,14.484370956476287,0.4350159463699914,77.23973894268035
351.07920556391014,17.846053076478654,0.11985888667877523,47.59652041444283
398.7830174165438,26.116609611459488,0.4978732591309136,79.6723975590545
431.204331370805,38.41668374265076,0.20647881814452404,74.35651329933086
398.2916680950908,32.65117462294228,0.24455853512014666,64.86897495739642
373.7117417036285,49.90927824307656,0.13440516606418326,51.237185031778125
350.2978045578684,39.23892505968929,0.33132205440476203,55.32986068116318
446.36531774054566,42.328745152677726,0.3648035126663567,80.26084992740888
405.46260850375813,36.82384152130223,0.43505198527431654,75.64394994386005
370.89585193990564,40.3444926629855,0.3133916979295397,63.84177931673949
430.56315018742333,38.153969381117115,0.42535758238466254,82.10523781159576
412.8408795426692,18.371070899888448,0.38771685795786665,77.52957829563859
445.83581758553066,18.561610944902096,0.3369127170374142,82.82434937884777
393.80466813124093,28.359124648448827,0.3960792597879497,71.43978682432542
415.43356977094714,24.39320473612174,0.16962466153810132,68.62835505255914
417.3067244705894,37.013874763803095,0.41869318878619627,78.4738174088132
438.70541920892526,40.444539366481685,0.4317057396041997,83.96210095270187
360.66145909606223,46.187430722627916,0.36213969970733006,57.037364475613096
381.51302289979003,48.38858505293831,0.44692322547939506,66.18673885421775
357.4681118153343,47.91802889738797,0.20839648679995784,51.75210225887426
386.0805552096978,29.043367296333624,0.23262974223618393,67.48700418472345
366.08781912806074,46.49656785817743,0.16500606841822718,53.8288544868561
444.600022747942,41.37709021518293,0.10746842068172753,71.85858992704634
398.84066188416875,24.01024262921007,0.4912736494624293,78.98505777223538
384.40763713662005,38.92935083840472,0.4471272543468086,71.94162109920164
360.91906470507513,41.381455041659244,0.4725021170853463,63.58180572463712
390.2358738710998,28.345665384357584,0.181018208656677,61.29066888292628
372.25847614378995,17.698470486792335,0.46641187247661087,65.26639612584403
379.9003248199797,37.216685154154796,0.2436820357488914,60.42268574903971
404.87550341059165,40.827197423581495,0.29890262857425576,72.82316867680534
434.6541570032422,31.712518252703696,0.3346699332070115,80.94047953578526
447.36402977864634,10.279828982852258,0.36826259981812126,78.0161386588093
411.8397863454899,38.578195262129334,0.24583065156982742,68.1552402054962
377.98655812164685,40.089191920773835,0.24951460306198514,59.25243749717192
427.1998488997268,37.759729834516804,0.3841281914511127,81.23910146682768
395.17238393983445,29.369280648179952,0.1262804180604656,57.8860100422345
366.79357270686586,16.694676099087864,0.2353465839413137,53.25851811298139
438.0335061789505,22.42538141579359,0.4230897021496156,84.23094160050799
384.74296731819004,38.976471901282224,0.21492668761076916,63.0528193465178
402.68345030941714,20.191929057808714,0.3807424995581426,74.02918167569769
437.86265105394443,26.70288521912223,0.29741632727502554,78.87765148443964
389.9475761044451,32.28770762173579,0.11710433675120165,59.94713715303699
356.5245365921671,47.370604858110084,0.4786513912285237,62.43104013157489
429.1315451025256,23.82771961792411,0.4972255392426439,86.15075767954814
439.38237955101897,47.85762142907575,0.4542807442105141,81.86744550282893
413.3601477738769,30.27824042101824,0.35621142250822835,78.45068304714253
422.4154151743447,39.71910010534139,0.40600115572051554,80.74236208838217
413.140447932715,38.552798113660884,0.2672176123432847,72.4991208763037
440.5030080528752,35.81849442278939,0.1285816422745567,74.01866342319056
351.23373723108796,31.85702150593083,0.1724642125867092,54.80358821614018
434.92515886102075,28.430761043188106,0.43462041508058685,85.0009981917659
432.61791406575276,38.986909079582325,0.34763444589092357,77.78394766994359
365.04052523346024,23.46551364594489,0.1326458974707185,53.948537782356425
427.9305609023693,36.618570927721954,0.360473120365879,80.51243805517375
360.9466978167627,36.61872449417657,0.2624923592878226,59.185732111130385
440.8007072331057,29.66383159832539,0.22654235883527463,76.18416074346572
385.18913964091183,45.864494045379345,0.40267506851960844,64.59347250742199
440.37026967484513,13.286115591492202,0.44630610046229974,84.38492405939863
413.5454736387268,13.96537797372786,0.33316929288411745,74.19845510718002
438.6534087204806,23.962176798918616,0.4175629240454801,82.2227132577336
441.3081089253572,30.58752874022414,0.25687400224600604,80.1516453874083
420.60033200742504,21.748499216440358,0.3660298475392875,76.556151379216
369.5855252425508,40.753772135663866,0.20675886089011464,56.72798027746187
397.4768394623126,43.96503292651096,0.2930725830471343,67.1482851314029
355.3965970275812,22.202593208038174,0.11422555610942897,49.85237069749314
429.05258269687357,27.79527014343918,0.1284101583175369,68.94430823062541
394.8218225552613,30.03299829248943,0.12235828265592374,59.4801537272086
440.80341831091806,40.56454011213598,0.4599521230558921,83.95902044286566
384.7110745693476,44.05081231383076,0.35667324640364656,66.71817927613445
370.77338568122747,22.21383100412848,0.4219252053918887,67.0985807103461
418.65326617162725,38.4440262368254,0.4352845274366843,78.30085576811614
369.70837230357944,31.282243756010498,0.4182312069343371,64.85066366741873
431.8312825881793,20.290297805501005,0.29057312194248064,75.58892051526712
363.57298089873194,35.07674603846658,0.16883739418784868,53.79556074074861
393.78510654971274,14.564014123191171,0.2574042462822889,64.16388782177667
392.4633021514384,10.8657238318327,0.48258753841315466,70.71014111479785
401.01159109925726,23.182706420075863,0.1567707022562905,63.46999581599311
415.4525107777118,25.15120699862105,0.4814571959753841,80.42593716941859
395.8046030379518,34.09728724220288,0.30606214526277375,70.4433200941867
355.08500639110446,34.45827786578248,0.16430096759920107,55.839878629542675
350.8368310461877,37.16988065632175,0.4476686720034924,64.6207623171065
389.8933349377152,34.441250430863796,0.19363737546778675,60.01954917957612
372.7491453793906,43.676471587773705,0.31427085385645115,63.296627406302
440.56292322997564,32.9512135201646,0.48204821561707534,88.82085259527705
417.8914345051565,26.000875129498105,0.41454734661162274,80.52807309994408
439.234199646594,15.189896575823333,0.49926186059904687,85.51051173670727
370.09968344664816,10.501718566198779,0.4557926158841812,62.818279577967594
395.15520566919446,23.0513167899923,0.3184372931003992,69.69155584440715
389.9070780553718,46.070595988688446,0.14565380213368329,58.043206467707535
392.576674508767,22.319049763155,0.10181840309150375,58.27646730354457
363.9283550336108,19.714396341785548,0.4420683273637776,66.66484423156422
401.4547627923458,27.206494923166836,0.3785208628599177,73.3906005194182
368.7980540169436,49.80415503553094,0.14782471457195864,52.29548658399774
438.75989422529193,44.36878155540386,0.27167402687397213,77.66601385272743
449.07790663152446,47.07168830597781,0.24744930991143488,73.12000622006732
429.1228333098966,37.725948891988224,0.32075012203952213,79.06047302522602
377.5842443807882,36.38999415241659,0.34048883931129414,65.30487946991427
371.14456792321505,27.593327126554893,0.19942154183589933,58.72311178216842
385.70707858493336,35.94643852054464,0.47042490442929036,70.4422519748475
365.24843751467375,40.902753090044314,0.35589334806983397,60.993454054539875
355.02372883037833,19.25295884949696,0.46246471835330877,64.29946225630667
418.7633622589158,40.38006794098422,0.1179528546024701,66.706226819728
360.4345702251238,37.448552776472,0.24087111928864294,58.23471971283693
355.37167528656346,43.88525926627424,0.16995759524626602,50.90790207887533
364.586143437416,28.138800305612833,0.2744647082494718,60.599296586159355
359.55369886620645,14.268570226004229,0.1024476818705587,49.251409231268894
354.5154385529231,48.259534325543754,0.1372973666377794,47.528019119805215
369.63267181402176,18.37431546310768,0.14517215653279814,53.260880708997995
390.35092959624296,44.38015177975175,0.384451373712543,68.11101698542673
408.1558504778308,35.77329322533886,0.2680890319619588,71.21260333567298
446.35659308089566,31.94429798104504,0.16202842098958703,74.95006694710821
377.11175883975466,39.2348228462858,0.3710529437367217,66.19624306423562
406.66098617459494,45.22935210489935,0.35166960001274294,71.06950834191127
407.573346951786,33.25044431524936,0.21736887701902347,66.48354399729524
419.32960517593636,41.913238143916075,0.4377451485439547,82.85298276802003
410.54551757590224,47.96547908566215,0.26773213044488525,68.51142791489991
399.93686193641196,26.48764630681972,0.14567226208954542,64.56198140656448
401.9608041947759,13.432412899208831,0.2769879584009121,66.57681953085755
427.2774160579312,37.10747782507132,0.12472244283026718,69.94721462701929
419.3363899996593,36.7925175623799,0.23833808198637474,72.89645714992467
448.84956866969605,18.42596393356516,0.46371973531481736,81.63401970900571
376.76176344165117,30.066994811971952,0.4906689191921598,70.29320733709332
441.8314288210435,14.932748830193102,0.14244749192206935,72.90251782969484
402.71489495264984,39.89493106682024,0.17118718914575082,63.45714335125982
353.20800201323306,15.030148292400112,0.24442930099564403,53.03706104383753
377.82490110177565,40.49020266077876,0.10873200822840379,52.19739750285535
392.19395365885583,46.298880311936074,0.25456985577291724,58.89583244887372
387.78578599028725,15.850583071480479,0.44115139123356606,70.07589225279622
370.57789769518337,19.425268570702347,0.40378199928904435,66.85193839401273
383.03303121728294,44.08998752282573,0.16003827998590797,55.28518998480485
380.0356196956279,42.52045564054627,0.1723651297388089,56.79120882214262
388.15911167597756,13.638225884611806,0.4148799158717554,64.96078803489937
437.09275754397305,12.575284027464711,0.28010554195910004,74.89551258189702
364.0463580142696,34.52555810400945,0.1595279254465466,52.5271905480917
363.05330777560357,15.18124278265358,0.25905712285963584,56.51625574430039
366.7296041320725,45.07273477704154,0.37580286201678925,61.659561071387664
357.2652547137527,12.624079523092329,0.2756772158976082,56.32347203932966
414.37901948108697,46.850530558361356,0.448793465618482,75.28154266415568
399.24815304926403,42.46006813055125,0.15267181109819764,62.7752270577733
394.1717916261858,25.76199950955885,0.22257642538631695,64.04981149851409
358.89855226920844,17.19149473249705,0.32207193568259873,59.22391609753321
368.41358138968985,49.83865673342213,0.2523192553852153,53.71694730074846
421.7156247023421,39.92109036792207,0.29704733019117796,77.3217841086244
395.5684496082369,15.47250537375053,0.4029972101787757,68.57925287432658
378.12363459785075,35.216601850325944,0.1347655164181937,52.995005110000285
433.9496058914492,31.891643010350936,0.2922896118091277,80.32396854545175
391.82256759971364,10.686697195327334,0.39641422740457305,68.98160087020176
419.01057317831084,46.877959334576914,0.16536935353058935,65.85136269651989
425.5479350558126,28.912579166707012,0.10858128891980529,69.37440460774647
416.31179618682967,27.997092639235387,0.3283483681201803,76.53801392005269
381.30654109988376,36.848828084694844,0.3030159099221721,65.56729227201866
444.4936104091651,30.063912632254354,0.4243297980361272,87.88410210213398
353.26035677174417,32.52425703409361,0.49447053710635064,65.24440886340992
431.366578497846,18.372852933852258,0.1531699357459354,70.49316726579586
406.17554926201603,18.08357546925981,0.2605505570031363,70.33962283397855
445.2173714456311,41.64600793771596,0.2556347784636035,76.21153132951514
419.5427607414873,34.22430745117125,0.21481887456681587,72.16909983095867
447.07009816125895,33.597203719123705,0.27955217490451195,81.72134564261444
444.36484280080316,47.41987374258666,0.25433016676116343,76.52736769634154
361.5827098165983,18.362713437965354,0.1010417991826202,49.95386716791871
350.0366861122252,16.568489541971157,0.20446414644928412,52.43645651516076
390.8754883061537,35.48261258841208,0.3763633164176801,69.15244198108932
421.18494286584377,28.54287933569023,0.22844639478462414,72.34865094452732
418.6483868173698,32.663248976080524,0.18958607565585633,69.50150920077164
437.4632997641679,24.251103922163992,0.3925553066470844,83.50707739159296
424.9284834862154,38.89164397373047,0.4871011691298971,84.57139448757928
429.9184987202037,18.531673651412728,0.1917918283793048,72.05064070185217
360.25476151511987,31.651945779421506,0.4075254949829023,65.90571952355079
407.65478062080933,47.01313249868164,0.16655284992269928,60.26892281191487
409.3053715665267,30.662263076517398,0.3394558700222818,75.18424096362804
405.86094728427366,23.43349325343383,0.37981152681858377,75.50026707946547
410.22658477073037,12.670450321940567,0.3124517194599783,68.69844397244933
406.4687598803269,28.578074005642193,0.11975122294923031,65.07800567071631
436.16537084680743,27.792846153530057,0.24926684978007577,75.55391459229443
431.10291962525105,29.48416022652716,0.258766893815259,78.14686035912786
442.3938238216852,19.761336684767066,0.16981411092067009,74.93426574252966
354.6543859645897,11.315497499006089,0.33130494522647363,57.77888343556225
395.84751999611245,35.902234635080305,0.2822942718724048,66.30511862429381
443.0245286076643,46.02574266293433,0.14382007111142392,71.49945232417501
449.18484965837285,27.505264559184752,0.22913138208249384,79.4250260940482
408.1629814208749,12.32723677100234,0.22859410559982055,65.06645425059104
436.15363593902225,44.7078939445642,0.22571467326621375,76.16852889540675
431.9866739120695,38.654964380045776,0.12390877306250069,68.76803000316399
384.56864379530975,16.235147713485123,0.314148903177497,62.51665157842118
426.4373074053092,12.10995648570847,0.19620670133740092,70.94798780708231
404.4281622257292,47.73001300075062,0.45839193616197527,74.55930651437183
441.1015051110965,27.916225830602013,0.36504197585939535,82.46242372748834
423.31109123297114,13.143190066051673,0.43600502380736184,77.69549705430762
371.6558343587033,38.15594707910329,0.31388666142771854,62.585501338220126
436.45924515326953,13.873348926288806,0.2752385869915162,75.51422234795565
392.46972352305903,42.81024066689583,0.293339282465298,65.77348067746624
437.3058096190286,28.643805789630733,0.17656017866224155,77.1312840258159
424.6207938548378,49.11972903599435,0.1453778644235014,66.05603597467915
351.27720933305704,40.32879672577249,0.30100835576033336,58.03085096875415
367.15147239491375,17.98155924013972,0.4108765937882725,65.19068006674715
391.8734385606206,40.81175439736024,0.24487378485054118,63.68430553394544
373.127477280277,14.567678626708416,0.4919331131372586,66.16770923553706
400.9020173212169,42.563494229801194,0.20611736301808345,63.074255040516746
429.93781679001097,39.67871399615851,0.11126112179570172,69.46995299431521
449.15221258322845,46.84893856694402,0.4366720206720873,83.84388931262872
388.0020929034193,14.952394573449412,0.12503197108738293,55.73280094018519
367.1606594595218,31.276326585682767,0.18254236146731093,55.63463457325801
447.8050406298837,47.50589486199787,0.4368885176863914,82.53271981968015
370.3889425138846,30.656224626136982,0.49632432593141046,69.29514751752247
447.23193729322304,16.413643561528325,0.155844145756913,74.47698455824806
433.0570062461389,43.7977978407961,0.4611363909644849,84.85947063147279
420.8649585388885,37.49617006754579,0.22001039793987676,74.71097614809054
353.2325814742127,36.61237263060801,0.3872350941877602,60.41992562115794
412.5223131093923,27.06650440562305,0.4766354632149204,83.13919750093626
409.2171139587573,35.66773755710799,0.47874205871556397,81.18921250655568
353.07312947321606,49.52572495920523,0.3279653327081229,55.30266883351039
393.50420957073135,40.60097979528177,0.39004567998714373,71.22757758670947
411.19433215531836,17.252107805006357,0.18475131258793362,69.48182249777204
404.2266776531653,18.756101123807746,0.1608295167055799,67.96326369704583
409.5870413509593,23.12377375953603,0.22782272655395044,70.40634303453177
365.02589764233477,17.517477887234783,0.17462084630009503,51.576106884769004
389.4799263868956,31.11584989780923,0.4398192773661956,72.38076060888122
384.0507695788234,29.948453793132366,0.4433639996193812,70.39800225601023
441.8312762144886,19.361053627028785,0.2793795431347971,79.97660947892604
419.219653696154,48.22841062559577,0.14544497592789224,64.76770442234599
426.35750357098505,36.32559326376413,0.3321013695323306,77.77769635034807
372.09728226918656,41.320002289966105,0.456002052960751,67.38622107371188
401.92854030063916,10.86991910989818,0.24967275889831675,64.02289692528433
406.50775006582563,18.299159785816784,0.3535464796543607,72.72591961138725
354.89146442990534,45.87587122260436,0.12062248126899085,47.615697591255824
400.84958359160464,38.83418220068525,0.23503471971290182,65.18433531976049
378.27900702996766,41.03219374287399,0.4287596334751528,66.09115700734364
386.65447358612886,31.641257916906575,0.3090575583502274,65.1867400189459
401.7033349725807,18.19452991057522,0.22941721802412274,63.214616287893065
362.7375549769792,15.95467995144932,0.40667836319808565,63.58194722326294
401.92026330985857,29.377455929552795,0.487141606209374,77.87609523960523
407.5953780106863,45.65799602538456,0.4432433738356976,74.41464498103765
396.5207342164705,33.15574002548612,0.2957783816893073,69.22859631114856
361.35123698293455,24.18745528017375,0.3467612792598087,60.773384876810084
401.7731001836199,24.54472936664496,0.4169798521669878,75.96968645516064
443.90830526515134,27.711661239319785,0.4677617545550417,86.89084298418788
433.3172551823985,35.221315831611136,0.11901676240223794,71.68029662773033
449.318090620406,40.98453627282869,0.44118315987841017,84.66483831137131
418.6922881833428,33.834988249701105,0.30459039824804146,77.02107614610203
433.56089360717084,46.8704756246864,0.4101468189981661,80.51926849294111
374.5817321593108,23.39553383596028,0.18726253301964718,58.43886422893835
437.49700620803065,12.38592328725774,0.17704907148142573,71.29180897512319
432.67250728533736,40.1272783616903,0.13654678712746474,69.78179457646235
445.44741877636403,22.953101650243326,0.2840938611626212,77.93912356494128
383.78100915227213,38.475307776308284,0.4508773040641645,69.74783737312727
446.37446587879003,30.595741129739025,0.21633065472199364,75.271414337118
412.11921207956846,16.01871493538882,0.18235963336713526,66.31954529513365
371.3319130929674,34.829183015078236,0.391166995942194,66.95549762573415
351.7279191392141,24.53026955064752,0.49189070987606365,63.857827585112204
401.0240594721793,21.66157472441009,0.15885673061072328,64.14673696938038
392.89008209214626,33.582625428030035,0.10117692438543142,59.56275536381655
433.3909683049929,48.32235047233529,0.32978502567742846,76.25042969490953
406.2936268976453,43.47180444360114,0.29094047951955987,68.95064293686764
355.57533529113294,24.2935754697502,0.302226611985635,59.40909694436724
356.40461785397883,46.148083450983314,0.15185580698312562,50.9877277785454
431.3331330939209,12.675570312127222,0.18485582972697095,68.12374631639423
365.4450107600115,44.50880136763014,0.25370587865451316,58.05465481183558
411.4595417177404,10.237805298913187,0.11708832925596915,59.39956602988961
379.6069974364915,45.51284432298195,0.38833988774400086,65.05974561271994
449.33538603023044,39.903527652772425,0.1207360853128927,70.84588146540312
391.4822760471888,17.925674731002292,0.35369334700418203,67.23974896904365
393.6242283027344,46.49049095697151,0.10267092208130589,54.479308904222535
386.9953653344446,11.082850526234216,0.2921036696116923,61.82054722882072
431.0625478617829,34.47345135962254,0.11574594688153513,70.39551816347213
435.6108220738234,43.13212728789176,0.34160816175319214,79.94346648010674
428.6069022659052,44.69236097857439,0.44181681428468156,78.51121347691648
389.01896660175,18.854348532578534,0.19292978595659568,62.192080461483236
354.7753342453902,43.733477187807075,0.30762199834149434,56.948264405752965
394.7549676682574,44.89766744943587,0.3440981900868201,68.69497975397954
410.47476525477316,11.563051077469417,0.10598464379375608,58.95877238174277
387.45392971333143,47.18466833684607,0.3962618718712554,68.16474610988918
384.44657384644285,47.04181569477769,0.24648557640185886,58.74371720094409
434.5592020446312,24.17249283526289,0.29916509262531077,79.75977770240691
368.9677238868581,42.64535849493857,0.41725594287132467,67.27297583180156
444.9503248156029,23.518555779189995,0.15511335206097798,74.35232098036965
393.2022032429511,26.820185709679123,0.39837617761324884,71.6964381521244
383.4554348478412,12.929221686313213,0.26058464891957484,58.03785652944588
372.39431103478,19.419536420478998,0.14931159373974,56.26464440439417
365.0502644668027,34.942704546669354,0.45717057461971855,68.42268154100762
384.86069791281,12.346016922296394,0.15721455637155982,54.3382593846073
380.8884053049793,43.222314757375656,0.1976370159733191,60.86350802127753
444.55944792900505,32.40589497406841,0.34684976347034285,81.44422836837758
371.2968169992025,45.90429413139306,0.3585922296149527,61.28689455278615
437.1433606376198,22.95066279490333,0.4397274607099218,83.30097790770076
409.8132792908389,46.692367005686265,0.34693161557615226,69.61412366529127
434.65358676652016,43.00081524456718,0.4843044848733628,84.75777190403004
395.66364030536187,48.222454628664046,0.10871157697392722,55.786920426265006
352.1138365905206,29.072777295093285,0.46365135537976676,64.3393986733712
449.67459843616234,33.642696471836125,0.4813113576977878,89.22198546275128
380.69542610372446,32.38308455350059,0.16937253519399237,57.24225698051812
381.56038913598957,28.725099075340488,0.33806308429558163,65.26204755366035
366.9458615250731,26.80950413670206,0.15044112449483604,56.02023469126722
359.39633337654135,40.79411574591945,0.44117553732415493,63.599148964972144
369.0560774477839,49.78027690918854,0.3090207767720358,57.4113532360553
429.5648343224542,35.12455183816973,0.3541693396082917,78.56613266120642
411.14288083400646,28.255092052849463,0.16252525886731886,66.6502634493737
420.3853078136051,15.484172440034683,0.1404073725915707,66.69970644832937
415.53777676297983,48.80715233847702,0.1987390064117113,65.9484854140119
389.973249517591,49.57660750386052,0.4024949942823435,66.12606904920472
377.59203753027657,15.687363225829433,0.2976491087949802,60.0636799891416
355.9658848290914,13.958410577572295,0.44850886081233854,62.6056845617101
387.19710556505373,12.325592555044263,0.31929658398422,62.465298929895184
422.8090561937258,32.47761925849161,0.2439276568366446,74.90012146909268
397.4703778630225,40.2820159221372,0.20237079656631365,69.331722259812
441.04660632602855,27.61779713236832,0.14574842444963163,73.81566872143398
412.30224424455014,25.11163361604693,0.15472228846719163,67.79624277942604
370.61861565284687,21.509982869507695,0.43065840081289974,67.73475874586897
424.8027236027113,24.971097949854958,0.4720115580847074,83.2876314949758
395.6557080630961,20.909395674928515,0.3386577212427308,68.9122068079697
435.1123346640287,44.83378827120509,0.22428104236769075,72.83017557388531
410.0750673074577,16.950823898309856,0.1386900763367002,63.805191237344495
363.8678369125261,43.1420067456619,0.4330893856379445,61.99594645413263
443.10167133572673,34.32547185258169,0.36462819865364093,86.41678287787124
401.21976562267366,46.59987651979446,0.2524643035791386,63.27139659412368
386.1785349775133,21.25441748905878,0.46323601673670056,70.23368403441464
351.64737147581565,34.04387706141794,0.41393893526230857,61.66942038520985
433.96253940530545,23.105793712662162,0.39241967511445164,83.76309185078154
368.0234202810982,13.131719197811748,0.3846899228298839,57.60068332631201
386.50071081140294,12.825805435592304,0.3733471655644693,62.9160995031133
387.4042675583856,21.381142352982554,0.14144630419929838,59.711853104319125
386.99745854521814,12.617347872917968,0.3682426524859519,66.43880573186038
422.27960646698995,35.26276657652967,0.14008772176123552,69.99109174673274
403.0159341139432,32.77781238011607,0.3221398229581456,71.13237313165764
438.3380282059176,37.807936914922294,0.40060037310314217,80.38139783308415
441.008299215326,19.235408782170666,0.35528970321704817,79.59836810217192
351.543370133416,45.393907123643615,0.10614114081886937,49.68345107033929
396.11548929626264,27.58543360603877,0.12811424982822692,63.0429985464826
368.4672540911524,10.573940344035456,0.1743129385201083,52.543813090433694
402.93472436018396,32.88740284566464,0.151068715731599,65.85581968349112
389.4634063426312,11.597915365596045,0.47270918868605266,70.14593043993747
403.4349357899497,27.03344970763785,0.36774726148911563,72.48068922638167
381.8849281909505,45.793462531233786,0.26953532477587927,61.67103112751658
381.59316593630194,46.16371137014655,0.27534985840583975,61.77616455351663
353.02094136086373,19.60863893979267,0.3551234838244356,59.28778773337987
361.35878653009763,14.56007756801668,0.23518488391540454,55.4476756433449
404.1956420786371,46.384981296705895,0.18935220295558933,60.2259073490731
419.3119248995189,30.762250966758554,0.2863046223635808,73.94819277514391
445.02421129537635,40.97306895327598,0.19436702459186042,72.46557131937226
393.6011346374283,29.912023582812346,0.480341627054262,78.03293590453312
366.2537648070052,45.326782421975466,0.2943191246340008,58.92611620679728
359.1011545602373,22.059176639064848,0.29308571821473006,57.761539873502926
422.0765077424505,33.81311880846516,0.28400109937902024,74.6111016129756
443.1331784503071,14.62097094016729,0.22842905022885876,75.72837853475414
397.4295423359704,46.32106454382043,0.17945999981228444,63.19170259036344
386.65928707512455,29.772363902691662,0.456311299832062,73.49090293544376
375.2464476315014,34.763227297432515,0.26232369070090283,61.241732742286935
433.296429567359,40.29198534576767,0.4821401626753688,84.55325186204267
434.8417328701257,26.111638885343368,0.4805393256556074,83.4388290188359
446.58872183034924,31.313902869489702,0.29655019688097023,82.40332166886239
443.34777572442385,12.164782749034533,0.38827323973730055,77.77077522148026
434.93760048211493,38.599243633956625,0.43672170713810415,81.6427501614713
387.438013285109,11.48292230468729,0.20185840856565096,60.46346484662544
351.72241394611353,41.81065652151007,0.3625451216719675,59.22824859080795
446.98142233448476,11.630231217828637,0.4600472040739177,81.95943091770582
371.6258243271229,44.186001829935705,0.3444025866577931,59.77595275491665
443.8708607507898,25.600657985728816,0.2871041141572745,78.7278688216046
350.038110973975,15.61192665097999,0.2476667714375995,53.8328579017686
409.75298044353036,42.347732111123044,0.3407046426253504,72.60501500565186
433.2907941019206,25.055085138503177,0.4449868914139374,85.680195415059
439.1857965135912,12.60200486228979,0.4654864386858329,79.32192801241447
435.01394635743077,11.629021402122174,0.1318414065631437,68.0793398926443
383.7056620708525,15.500270778129778,0.136790734372184,55.88531008411439
391.5321829505994,42.31224134515527,0.29294304234113516,65.70809688417474
384.2774812038241,18.238022152559413,0.467180107438205,70.46016151126254
383.7952646750385,43.82858625764696,0.49601176915915435,70.73893880821139
386.2208015222513,25.220240729901107,0.40818954138657143,68.99739066885866
354.88528555821,35.38499443462897,0.17451402641794572,54.02052710645472
370.30453930584554,13.32072393224308,0.40449395623049544,60.988483705087724
443.67915119329456,39.42122401388045,0.3695079341859172,81.77462444136724
360.5487985083757,25.61078811534785,0.354634605196122,62.172202957965645
431.63581381032355,36.349148181726186,0.30818337038490623,78.49291408592829
363.7029978428253,37.84451441773506,0.4692570912715421,66.01347566851649
360.89931875371406,33.7948123400751,0.35569095857201466,62.91047296179814
378.61612745868393,29.823713173138945,0.4306246735841139,70.34999142686796
447.3790094317566,18.611974439007533,0.4684305287258024,88.1646805748314
374.8204922129543,28.871278850824677,0.12276172070830103,55.04968292357156
363.121061332808,26.503431581290254,0.3333788005093301,62.62074367275042
413.62364930881284,20.942314394171486,0.4224205077613998,75.13340385556758
388.2365120276772,38.75783417644501,0.47491285337594985,72.60507816225552
432.44635003335225,10.570693340565494,0.29974134420128334,75.19090369114724
367.38406568403377,26.841544721823336,0.37266920674869797,64.77986637677351
352.97090980389413,31.123534032725612,0.13122254899736285,50.22001965845569
404.6252241336703,42.996194937333414,0.4888700538336154,77.54317927887897
445.24335385503866,49.91179402814949,0.12260314419457621,70.04352791502161
351.2449393820509,29.11708791501963,0.3990577989418451,60.93828090951724
442.63109834725276,15.951480045117123,0.2736993552017375,75.50104189251397
382.13017271137693,46.151358629097025,0.20523375658816834,56.228727606687194
411.64794346667696,37.491139332898136,0.4252645310981912,78.05066151550614
364.07556437076914,34.551142632321444,0.4052110813535559,62.64039198890089
390.9548895198677,37.52410933176425,0.13302002790980758,61.9634580727151
390.0108784549763,31.71161482530426,0.4503704451927989,73.03960548078747
446.6461548134175,30.028507842796067,0.4118232676920253,88.74146577542326
442.1991039838197,40.98359832696102,0.3208537420314699,79.10075928226404
357.3924540069223,19.29132028014246,0.37596430755574595,60.68867069748803
356.0011225294484,18.26083152477934,0.22489287276686687,52.63055368586075
350.5086641258695,14.726379279666846,0.11627650571363063,49.44715227369128
418.1166863979488,33.24621281374299,0.384459852652621,78.81529712754363
357.8984386342896,31.302978703902653,0.4074099309838253,64.9438895893727
414.3853981532634,21.724726205336466,0.13168626831456565,65.24506740777838
422.95161660598814,34.90696430904447,0.2583467642883348,75.40425765215134
403.7758679518479,21.22094347147527,0.22319845504840613,66.92475875474733
370.99511198470447,48.6188646088473,0.43002045670739153,62.02570832648175
412.8736282352318,35.887031276220746,0.2015428719100859,71.25979159169647
446.4797838929146,28.343457406298818,0.491730568187149,90.15355266407508
363.85084942077305,16.0532937738618,0.2311143948842317,56.274719139835
383.7290875653977,39.577794086530865,0.31940286130541623,65.84984996373912
397.1373666244559,38.753442978494064,0.498812835964558,76.37142861482232
389.01683998247927,29.818437692107217,0.23872127361452905,64.6361518664176
382.7117971050397,33.9277334303855,0.37024408745435056,66.46358777627738
411.5499729477883,12.738053908177784,0.11737953872566442,60.89303512995922
446.7664926617146,11.342257653471108,0.35706354169225607,78.72650774252573
362.26492802090735,10.803651656853672,0.2119842086377721,49.30076262553745
447.41613827771334,49.9985936293354,0.3386106446578754,77.10930042350978
425.39331225761845,25.95003467121134,0.4620336788563424,83.40717791400436
401.5334504181902,32.64434375077984,0.1853465297097845,67.34899964014348
361.94285677482833,38.182678847189806,0.333434560804323,59.01553552323564
369.0775415368244,47.621370467768436,0.2762222583264894,59.56423449213487
415.58393396789177,37.64056908259051,0.19697661711674042,72.04831806282479
408.1298272343723,41.54750339849985,0.31520599816626405,71.99823446853898
368.80544341252937,34.38300265620671,0.38860374944940607,65.14144485269544
394.2055518905989,38.7863523590999,0.3508848669051793,70.37145641753585
400.8964615887421,36.130035652776385,0.23264898758236244,66.16389000720135
371.20628511972444,33.05349675798852,0.17544121805607912,55.78139137199043
437.1951863104832,37.71091491183781,0.2556759955266545,79.23649228514371
406.89449953998593,41.88172445083747,0.4373408386925348,76.62799215427933
351.65613367476453,25.812023995486342,0.4003060347235195,63.553316160997696
406.2754544953939,26.593593230401893,0.4179968290124578,77.80865722965326
371.2708699200498,15.89122887767035,0.29348554943800115,61.116741077488236
447.3208862608255,28.147700451623695,0.11733561166831574,74.9763205947906
392.4305501216736,37.090882401852,0.36373905061727496,68.91181704653005
438.1801974801822,39.84964360073954,0.48883350407783493,87.1219961099952
396.69918589881854,43.012279387897074,0.17020673610870443,62.332213314331085
386.2080449303945,43.696872833423015,0.3279552304999889,63.082671997928365
381.41885897022513,35.488307349965865,0.20442191999771586,60.48384544561204
437.1071836778393,48.38858159827963,0.48386281850392454,82.00590383112528
375.63508118247586,24.021670156299074,0.37761493480503017,67.68371117140036
391.82972727040277,26.484365327263497,0.14956485103086634,62.42388927942616
390.2629832536458,32.199981013377204,0.4223466174782245,70.1656380679991
415.6459504653386,34.14627097926222,0.2384512525915474,73.89917885218695
429.05785991145405,29.802230429692386,0.11988398918456294,70.50910042191758
372.6303055708697,17.230255772362966,0.2624661723302285,62.3643585625034
419.5645661996418,30.879195264020524,0.3960035846949156,79.79809854020587
406.04676572582196,27.41561023387487,0.30476470823966434,72.24502549727191
397.58266039157456,33.67058327380215,0.13612752920861526,61.83765611887598
365.9215504903524,38.52484679335147,0.36951534685109905,64.37125489244833
382.3016812523396,45.88531224164795,0.2187973776536433,58.07442755507469
435.6715043546888,39.77903269853365,0.33017228466790954,79.54487487556095
431.43140765376745,17.364086576537353,0.34328781387040275,78.14909543690757
378.2604253686508,22.78073753444422,0.19706804451171608,57.49083358901334
377.0622350561425,34.7045224101727,0.19728308738418943,57.600844684191884
391.5339241006228,16.603325275052143,0.30622034554705213,64.10980071322705
360.70258876858003,24.739800192484775,0.3867639605278155,64.98480700257312
351.6013600240369,22.336184624066988,0.14361776825581027,47.95248227018379
409.0495994991941,34.69838503161619,0.2565503649057658,69.86950158482931
373.9355493635096,30.979477324117333,0.15757546955588797,55.07115510633585
369.8198681896996,21.082472775114702,0.37450321350338556,64.08229224236193
410.3287537451394,32.01014153080673,0.22753594286842002,67.43340978635206
428.511917057695,40.241489189531066,0.21751795066563964,73.82982806556792
446.3331584845951,15.348703622654538,0.4548707471180613,83.45476829477441
420.31961932089536,20.746588320099633,0.460700619241188,78.63363890016372
373.306345228847,36.6136113098258,0.3043105630544187,60.17390793348617
385.6713398492301,17.992961913227642,0.24670578711007415,59.85512185774516
393.08766608262056,34.313802189941725,0.17187847023253167,61.12745239202896
416.2525906377312,48.40851448523176,0.41973050500975145,74.66484858845456
350.45369240347503,17.855587717673437,0.49479076563352514,67.38555522872714
413.4440907828837,26.191824578522596,0.4518200426274353,77.73251373213284
360.05529839590554,15.6208925401008,0.21622144667190232,52.76726989263187
390.50911863266714,20.673041828695204,0.41869737781858385,70.39283140082478
405.4756536937372,10.736489585704003,0.45772572115083116,74.23352453806952
400.0012202686644,28.956615084487815,0.41852870287056887,74.72766932101723
388.28469873701914,41.45938743352173,0.29399936069627647,64.34961622090592
393.87466048284045,28.941639568769048,0.251887930646523,65.20271588716795
359.6740586593586,42.29975039569717,0.39691138251097924,62.091811685410526
392.2422085862365,30.850429345079963,0.4840168038928112,73.29312217343579
371.90658046862836,34.43169004491975,0.2454125495543877,58.181309385163445
441.3172160661039,49.88616481619866,0.46594612379745626,85.3629224650766
365.14387751051953,17.246628762698574,0.4126032267706437,62.48033714050089
432.474183947074,24.984873542788556,0.39167042436038946,81.22944812986837
427.3346275101668,41.33839154056379,0.1798490167174731,70.50036340029791
396.3743088811302,43.01654170527132,0.22910661683015,62.44413547940231
424.201964783852,24.490896810056967,0.305446588679346,75.96214236765775
358.22794538643,22.345554784265484,0.3649400481761363,62.37627831420152
385.8824216111025,27.961863139925235,0.17711716251611526,61.559546180831944
415.04380626820523,31.71845019234499,0.20819880415736258,72.6351001101814
380.9303224248252,35.6255068902044,0.11861196623967536,57.037352821657144
421.9178589321274,32.67154207555013,0.3004758778024905,76.49121637943975
422.69481902058476,20.335923376463704,0.21008096699473877,71.16214993098104
437.87552161887254,46.593511399214314,0.41121785751235357,80.94973340806989
386.91457406532805,45.94505533149566,0.40255880482090717,68.1613730375188
404.85792221814813,42.27842551935617,0.38317456841690967,74.34520846376181
443.0988770326963,38.47362985858873,0.19177212128110385,75.39037013309009
365.39535654713495,19.54515270230141,0.2879288692217188,59.22311113398631
440.53571702711315,48.052784294684415,0.10170282260330583,70.05753053048414
360.53038822433547,35.60245004374348,0.11839813996874837,53.161470862595486
385.33405968219716,38.18457775238855,0.2678373594117342,62.5845426792854
448.87548152431947,12.200341936510632,0.1335583024129841,69.98365555601322
444.97946648006905,28.29568827056471,0.24908234632693305,79.13199185512114
443.54178434567706,40.56787266181292,0.408161693694162,84.57247504572095
425.565022286536,10.453810605936745,0.4475552612165281,77.17740489890544
436.4572792804737,17.685541769862102,0.4802199160921709,80.79728539496033
387.31043222231835,11.521172071913263,0.29230343717674734,62.900510999023616
408.32176394818504,26.585219360451152,0.295030436706376,72.98254239731082
398.46929055507667,39.57970500633619,0.4216227816247644,75.07305002472985
396.53297787078964,32.83208203086927,0.35036906372360105,71.15776450954965
430.37968166210544,22.994554295035925,0.4799139654687623,84.68097132903152
406.35113895158526,31.302530853962626,0.22068462425212082,70.85698617801387
354.04860595403136,24.586396088469446,0.28687134785797114,57.34147920163688
359.0944943895403,29.230339886782957,0.23021124697937445,56.4358731308624
413.031845303687,15.523230946382863,0.2837577840209436,71.5537043190044
404.5382363005224,10.73840584244751,0.11261333373669435,60.02738956470135
371.23909957713266,40.44807964071934,0.2197973649420106,57.45613970341376
446.1150559833566,38.04960277410228,0.47464778887165227,85.48415372189051
372.60759558916595,32.78959933952488,0.32353518893570987,63.278977721729916
448.07201409986845,47.04951950868812,0.4717084971391001,85.9130566792035
392.0232623139986,27.414881208702138,0.3639177291747848,69.46819063473386
404.7031606544486,15.69531117177469,0.16486003277471922,63.88245133598468
400.44822743066266,27.490496907815327,0.3886668720162958,70.94020537734698
385.4527798928333,12.427508360089309,0.3308942291579974,60.7000785275966
380.5792997606043,23.84517034304068,0.13381780217584338,58.35800965611211
381.29601390434976,16.149845520362305,0.4136899726474269,69.75121030558782
388.202873994721,36.777914987107245,0.39059536455921084,69.69256300426102
373.67946354005306,35.564901477782875,0.18782709397356806,57.39337722025759
432.352327577177,38.68653047767614,0.42172200411420774,80.32789025271124
404.534320961729,25.247219092149862,0.1567480326768149,67.00913009166943
369.4562102921956,19.128065142414545,0.4040276557745423,64.45317619821311
429.80149477298227,44.70016287519228,0.4549795024782956,82.92963603600211
372.2279924581985,21.00690765221731,0.3565928031026673,64.06350708659662
391.22855362639564,15.329907314586556,0.44341204418425706,71.15424139754062
421.8983843326804,42.35136368795538,0.49055042439876867,84.4781228710716
440.3110816121445,21.34296443792348,0.19170947699131433,74.32043349229569
414.3510254336794,33.53500268340262,0.28212256099168176,73.87798646291817
386.37907287377953,49.32900434094556,0.3126355978222354,58.11733532507725
433.5675068124336,40.524893562275,0.41931268454798076,80.76716653243453
371.3754765483992,48.61519860401351,0.13944495347656716,50.354761377626325
423.0533300280341,43.61525192255955,0.1521447537752618,68.50036414172732
436.27231295354056,35.466954672962856,0.24179405056170028,77.079305671664
354.8027935523201,23.187416690695937,0.49587263312162605,67.76406227184061
395.5086981882459,20.91386111151383,0.13591380677843934,61.040131640493186
390.3385064010751,31.629081492753677,0.40362459672968853,69.53759107662401
362.7413265542828,45.43574341110549,0.16533479947052668,49.75082461931258
441.46440833229366,34.56783695486605,0.2268457369134116,75.73746901405406
363.8618586984814,13.118453973990247,0.25091650117129655,55.25154214609099
424.11348517370647,43.78390036303402,0.13096788554973698,68.15080866939054
410.7658373519318,28.14477319958895,0.4365844327332977,79.49325550660994
432.36984699008553,10.166415288898868,0.18428712331845581,69.25699926010408
376.80529014646754,35.3119065258168,0.21586720811315863,59.560618185342825
373.26657147692913,43.39034767577122,0.42372893678511797,67.39958769179954
442.30454484279437,35.891763233283726,0.3737872958061154,82.66827942992843
394.04650760873096,21.549707536941153,0.1151146148973174,59.59371505364772
376.67607616644153,22.8529286516265,0.4770481153968283,68.06357325732199
406.62332786455715,36.79344357854457,0.3499907550559284,78.11007280295229
381.94391783294896,31.282422221580667,0.4025973374397589,68.15041144731062
381.781199173048,39.30560717134642,0.2526833401401327,63.29319502082799
419.8741238136399,46.42777745327613,0.25208829191755017,70.3584731710818
446.88057087803304,10.592393151653713,0.10962864952028246,65.98290378967278
406.16905434772883,36.0623777245181,0.34207974624885534,71.81934645058533
431.8047468878866,37.84391348902599,0.12358922543810819,70.99104062787218
372.52017149795694,46.63120237788505,0.14776693830324317,50.99767054595059
371.10166687577026,49.29724240632854,0.38110233118112496,61.130005306553585
356.8693182310556,45.7624716681698,0.4188226506887412,63.16871820611629
387.2149406545917,11.624702309074921,0.2725819665268001,60.41145189109355
392.0147455611389,39.84472315670527,0.2842430762828542,68.07155607514888
374.5316605952057,40.10319467432516,0.4186581219274468,66.87691831605508
395.4956205474364,34.29925375587331,0.461444961678252,74.94010780676686
422.8014268675602,24.586437869457786,0.2248770217053723,74.20436301000257
427.43989780939376,25.311484780927884,0.4483549668914584,83.01446398360507
419.8999310115916,36.87367517977399,0.4818265665238649,80.5107251510416
399.6172635264666,18.091997550985816,0.3785892884787325,70.87826438070414
407.9918591502454,31.56716662161363,0.11135635660399941,65.0864599138691
441.0265529493703,14.179432842100645,0.3092942071810727,77.9960077111363
358.1220296885368,15.713083430041763,0.4581611078013812,64.9924068745443
423.38685624505,23.93318551329311,0.3481962330294437,76.70175675730374
419.4732756173434,28.52338758422548,0.29232602350908743,74.03888613299567
356.3614109715242,24.225907708573175,0.2971335875705451,60.20636756077705
370.1232026602804,21.458677328464972,0.48971969781934677,67.59685943875398
427.16218598135225,11.354311862559028,0.2969788905618834,71.63317925092682
442.5033262766768,29.916622078603613,0.28092426676188925,79.44984815241622
399.06823946931553,48.04854047928877,0.12872747511637714,57.99047885652397
374.11743999426864,26.606076152737693,0.16610908297041102,59.87912452566008
435.2442579252299,21.799026975440015,0.12706587037162706,70.22816986444649
425.34422861274635,36.07093718846787,0.42862772502726343,79.84933393329483
397.9528151824765,35.01446243523215,0.24257301189026614,68.27081970735546
447.90970474119536,38.93206296649162,0.10412801467610802,72.9377479597866
388.9390337102725,34.28266792490847,0.3102862810830467,68.06310614780139
415.6778600980835,20.291961579057634,0.33343366443874256,74.34322430802683
412.15456769161705,14.402959887503567,0.46025089842877154,75.47482402588288
387.422002158895,36.42690718449143,0.32199138288903,66.02684144685642
431.4368629861691,10.774448324902446,0.14657254752946908,65.8736955952976
393.7225977077664,44.55048823000601,0.17968908521114108,62.21910581742774
350.953542825027,33.07736127606172,0.4804228940061606,65.37831350518135
419.12130734883175,10.310832348210855,0.2689082674671185,69.1775169489194
396.5534809345753,47.177088046601284,0.27041016357708203,62.94766240863421
414.05208394974994,34.74166310067781,0.23249435813387223,72.22408728848707
447.0854323617125,35.67887363683695,0.3598792181815053,82.83159659594345
419.3757629917483,43.898665230291726,0.22908345006668643,67.94759148236312
442.43163541910917,15.365115509815862,0.48089870808784596,85.78648568323032
391.0646854935301,16.065853589318394,0.43300657160394207,66.9759668830234
435.52004262137757,34.089472318201615,0.42797066134378037,82.05666187623305
410.0096561291363,39.607257914555625,0.3253694903007709,72.48533125143811
411.46530782685153,21.21380234466165,0.11233246057951557,65.42470481264077
378.84367334994926,27.41236808212608,0.2977502014428955,63.845054950694944
383.5105866792338,43.68529781193118,0.29950768823066837,61.63912164656069
368.88032715647864,16.508857372164613,0.4882200453024629,66.55449756432306
360.8694656983761,36.44810378550098,0.19926652181767515,55.29715542875645
443.40127033906725,32.002484819826755,0.4279277122162571,85.78657230150569
431.05479409787995,28.54438636545011,0.49719931429164266,87.80290957395586
441.31377850141575,38.77865856843969,0.11995348935146351,73.31801615610787
431.5126100391186,21.532763990262463,0.42412253292961544,80.89249314818817
401.41124999174593,30.28485520578428,0.36131106044972583,74.16739120916051
386.26734485092663,35.530115477926444,0.4304378520432026,70.92614184305245
431.0139877794863,47.87749632122792,0.3016540490017586,73.35573841697544
421.60684386986253,20.43053031887988,0.331499929981385,73.82876868249012
384.5889203476232,44.75563808948372,0.414318959002557,65.67939795169778
442.06812935367697,19.68812112647619,0.2762425568629893,76.49617636332184
377.59820329061273,38.42562209907009,0.36179597011205195,64.5885902044705
430.067075156509,41.04873657532452,0.22292216455726402,75.01154931455088
360.8792418789622,33.64313838187329,0.34538948604758857,58.12783225125491
409.3621762985653,47.12952942980918,0.24020559008496414,66.5357223269532
392.5491478667215,39.44917664896603,0.321624736830064,69.1282930674368
377.49494816433287,30.93585674311356,0.12101526947512915,56.57764862673869
366.502180217337,39.17880133235505,0.12345714767699333,50.625528647534495
353.83460994178836,24.19145581643955,0.16184309674740135,50.342590256073386
397.8063263094468,39.730856551464285,0.42980530335980804,71.02556808058341
384.05011622382665,21.537405260038675,0.2549491669627734,64.12131505770932
359.25992472212613,42.68963018182981,0.4818340143326342,63.67061389036647
358.90603099245106,47.65909235182388,0.16275821843170482,46.389890625453134
421.5164961328617,24.471760105900763,0.16720923460653628,72.3040184608793
448.2747381796249,36.24689660155603,0.28994301585906146,80.01579414510529
417.41838658582293,16.602036860391127,0.3771295109903007,74.15983279613359
442.6271384316164,28.867740493835463,0.25810838239998113,78.19860768066722
432.53789122516724,47.5259786266048,0.15934777352955642,68.84746348943538
373.7540668377842,11.064098411231416,0.3745504930670388,64.53651634412923
435.7819495307327,21.84335969501877,0.3329421044626588,81.81174574767742
386.3399685096975,22.82172712722374,0.4405921584469855,72.40848674677854
379.4155518294764,23.099711436406153,0.2927014939003059,64.79712695141752
360.93549436995124,27.00363383008586,0.3255961279362367,59.505678121985454
367.67881639363935,37.233455695765315,0.23142907506022814,56.95882376016597
432.5328874835938,45.241825941042414,0.23065276511109098,72.18054392972141
448.17407383793756,41.370843033252285,0.46136587194911005,85.95333919313994
427.8966765975159,18.56206801070642,0.42264296357347997,82.04891577298325
413.984323554978,18.983037389014914,0.4451062450622709,80.00000283766406
374.78567675800497,10.03059513344455,0.3025342095971165,56.803206770519886
413.1896587764339,10.197452208703348,0.4279938370047312,75.13711333788618
412.0260261437446,22.90640980627395,0.14291271235700465,64.79389925397007
390.6740773078734,42.870585507630764,0.2130999417781647,62.28749782963324
364.1960680033175,32.767928233173066,0.4657942786984744,69.5318977291742
356.7777288357534,30.986957169693028,0.23871450482904116,54.22410145531066
411.1674310949461,12.03540879787544,0.12484936169012278,60.57637736044618
384.2023177089416,23.429598883661548,0.2593112460037829,62.30140207949741
382.3629614404113,15.107738871129687,0.22091277969146567,59.355428602338705
384.4476500849042,14.602172668642126,0.41506908769587425,69.68930898850017
372.20042623939634,29.998527016481443,0.3803667003636145,66.6951735693316
375.0443204177982,42.804722359033164,0.3450603397504915,63.36075863138092
409.0138543750445,16.73202978935361,0.2723304878660383,68.33231777955207
409.59688182533466,47.768408519212116,0.3546515168190169,72.99566958216312
359.4945846798935,27.211043311347215,0.2481839423428862,58.43529015799012
374.26471048305365,16.485963649098284,0.13750277213277937,54.53289488945233
